3695_1_0.00162527629697_IGHV1-78*01_IGHD1-1*01_IGHJ1*03,QVQLQQSDAELVKPGASVKISCKASGYTFTDHTIHWMKQRPEQGLEWIGYIYPRDGSTKYNEKFKGKATLTADKSSSTAYMQLNSLTSEDSAVYFCAR,5e-65,88,98,9.214485332902203e+116
3696_1_0.00162527629697_IGHV1-78*01_IGHD1-1*01_IGHJ1*03,QVQLQQSDAELVKPGASVKISCKVSGYTFTDHTIHWMKQRPEQGLEWIGYIYPRDGSTKYNEKFKGKATLTADKSSSTAYMQLNSLTSEDSAVYFCAR,3e-64,87,98,5.114830171534557e+116
4290_1_0.00162527629697_IGHV1-78*01_IGHD4-1*01_IGHJ1*03,QVQLQQSDAELVKPGASVKISCKVSGYTFTDHTIHWMKQRPEQGLEWIGYIYPRDGSTKYNEKFKGKATLTADKSSSTAYMQLNSLTSEDSAVYFCAR,3e-64,87,98,5.114830171534557e+116
6029_1_0.00162527629697_IGHV1-78*01_IGHD1-1*01_IGHJ2*01,QVQLQQSDAELVKPGASVKISCKVSGYTFTDHTIHWMKQRPEQGLEWIGYIYPRDGSTKYNEKFKGKATLTADKSSSTAYMQLNSLTSEDSAVYFCAR,3e-64,87,98,5.114830171534557e+116
6030_1_0.00162527629697_IGHV1-78*01_IGHD1-1*01_IGHJ2*01,QVQLQQSDAELVKPGASVKISCKVSGYTFTDHTIHWMKQRPEQGLEWIGYIYPRDGSTKYNEKFKGKATLTADKSSSTAYMQLNSLTSEDSAVYFCAR,2e-64,87,98,5.114830171534557e+116
6031_1_0.00162527629697_IGHV1-78*01_IGHD1-1*01_IGHJ2*01,QVQLQQSDAELVKPGASVKISCKVSGYTFTDHTIHWMKQRPEQGLEWIGYIYPRDGSTKYNEKFKGKATLTADKSSSTAYMQLNSLTSEDSAVYFCAR,3e-64,87,98,5.114830171534557e+116
8445_1_0.00162527629697_IGHV1-78*01_IGHD2-5*01_IGHJ4*01,QVQLQQSDAELVKPGASVKISCKVSGYTFTDHTIHWMKQRPEQGLEWIGYIYPRDGSTKYNEKFKGKATLTADKSSSTAYMQLNSLTSEDSAVYFCAR,1e-64,87,98,5.114830171534557e+116
17791_1_0.00162527629697_IGHV1-78*01_IGHD1-1*01_IGHJ1*03,QVQLQQSDAELVKPGASVKISCKVSGYTFTDHTIHWMKQRPEQGLEWIGYIYPRDGSTKYNEKFKGKATLTADKSSSTAYMQLNSLTSEDSAVYFCAR,2e-64,87,98,5.114830171534557e+116
20265_1_0.00162527629697_IGHV1-78*01_IGHD1-1*02_IGHJ4*01,QVQLQQSDAELVKPGASVKISCKVSGYTFTDHTIHWMKQRPEQGLEWIGYIYPRDGSTKYNEKFKGKATLTADKSSSTAYMQLNSLTSEDSAVYFCAR,6e-64,87,98,5.114830171534557e+116
22639_1_0.00162527629697_IGHV1-78*01_IGHD4-1*01_IGHJ2*01,QVQLQQSDAELVKPGASVKISCKVSGYTFTDHTIHWMKQRPEQGLEWIGYIYPRDGSTKYNEKFKGKATLTADKSSSTAYMQLNSLTSEDSAVYFCAR,3e-64,87,98,5.114830171534557e+116
22839_1_0.00162527629697_IGHV1-78*01_IGHD2-3*01_IGHJ2*01,QVQLQQSDAELVKPGASVKISCKVSGYTFTDHTIHWMKQRPEQGLEWIGYIYPRDGSTKYNEKFKGKATLTADKSSSTAYMQLNSLTSEDSAVYFCAR,2e-64,87,98,5.114830171534557e+116
23360_1_0.00162527629697_IGHV1-78*01_IGHD2-1*01_IGHJ4*01,QVQLQQSDAELVKPGASVKISCKVSGYTFTDHTIHWMKQRPEQGLEWIGYIYPRDGSTKYNEKFKGKATLTADKSSSTAYMQLNSLTSEDSAVYFCAR,3e-64,87,98,5.114830171534557e+116
24991_1_0.00162527629697_IGHV1-78*01_IGHD1-1*01_IGHJ2*01,QVQLQQSDAELVKPGASVKISCKVSGYTFTDHTIHWMKQRPEQGLEWIGYIYPRDGSTKYNEKFKGKATLTADKSSSTAYMQLNSLTSEDSAVYFCAR,4e-64,87,98,5.114830171534557e+116
26757_1_0.00162527629697_IGHV1-78*01_IGHD2-10*01_IGHJ3*01,QVQLQQSDAELVKPGASVKISCKVSGYTFTDHTIHWMKQRPEQGLEWIGYIYPRDGSTKYNEKFKGKATLTADKSSSTAYMQLNSLTSEDSAVYFCAR,4e-64,87,98,5.114830171534557e+116
29813_1_0.00162527629697_IGHV1-78*01_IGHD2-3*01_IGHJ3*01,QVQLQQSDAELVKPGASVKISCKVSGYTFTDHTIHWMKQRPEQGLEWIGYIYPRDGSTKYNEKFKGKATLTADKSSSTAYMQLNSLTSEDSAVYFCAR,2e-64,87,98,5.114830171534557e+116
30708_1_0.00162527629697_IGHV1-78*01_IGHD1-1*01_IGHJ3*01,QVQLQQSDAELVKPGASVKISCKVSGYTFTDHTIHWMKQRPEQGLEWIGYIYPRDGSTKYNEKFKGKATLTADKSSSTAYMQLNSLTSEDSAVYFCAR,3e-64,87,98,5.114830171534557e+116
32722_1_0.00162527629697_IGHV1-78*01_IGHD4-1*01_IGHJ2*01,QVQLQQSDAELVKPGASVKISCKVSGYTFTDHTIHWMKQRPEQGLEWIGYIYPRDGSTKYNEKFKGKATLTADKSSSTAYMQLNSLTSEDSAVYFCAR,2e-64,87,98,5.114830171534557e+116
36877_1_0.00162527629697_IGHV1-78*01_IGHD1-1*02_IGHJ3*01,QVQLQQSDAELVKPGASVKISCKVSGYTFTDHTIHWMKQRPEQGLEWIGYIYPRDGSTKYNEKFKGKATLTADKSSSTAYMQLNSLTSEDSAVYFCAR,1e-64,87,98,5.114830171534557e+116
39104_1_0.00162527629697_IGHV1-78*01_IGHD2-1*01_IGHJ3*01,QVQLQQSDAELVKPGASVKISCKVSGYTFTDHTIHWMKQRPEQGLEWIGYIYPRDGSTKYNEKFKGKATLTADKSSSTAYMQLNSLTSEDSAVYFCAR,2e-64,87,98,5.114830171534557e+116
39129_1_0.00162527629697_IGHV1-78*01_IGHD1-1*01_IGHJ2*01,QVQLQQSDAELVKPGASVKISCKVSGYTFTDHTIHWMKQRPEQGLEWIGYIYPRDGSTKYNEKFKGKATLTADKSSSTAYMQLNSLTSEDSAVYFCAR,2e-64,87,98,5.114830171534557e+116
48884_1_0.00162527629697_IGHV1-78*01_IGHD2-3*01_IGHJ1*03,QVQLQQSDAELVKPGASVKISCKVSGYTFTDHTIHWMKQRPEQGLEWIGYIYPRDGSTKYNEKFKGKATLTADKSSSTAYMQLNSLTSEDSAVYFCAR,3e-64,87,98,5.114830171534557e+116
49743_1_0.00162527629697_IGHV1-78*01_IGHD4-1*01_IGHJ2*01,QVQLQQSDAELVKPGASVKISCKVSGYTFTDHTIHWMKQRPEQGLEWIGYIYPRDGSTKYNEKFKGKATLTADKSSSTAYMQLNSLTSEDSAVYFCAR,3e-64,87,98,5.114830171534557e+116
52384_1_0.00162527629697_IGHV1-78*01_IGHD2-3*01_IGHJ2*01,QVQLQQSDAELVKPGASVKISCKVSGYTFTDHTIHWMKQRPEQGLEWIGYIYPRDGSTKYNEKFKGKATLTADKSSSTAYMQLNSLTSEDSAVYFCAR,7e-64,87,98,5.114830171534557e+116
52979_1_0.00162527629697_IGHV1-78*01_IGHD1-1*01_IGHJ3*01,QVQLQQSDAELVKPGASVKISCKVSGYTFTDHTIHWMKQRPEQGLEWIGYIYPRDGSTKYNEKFKGKATLTADKSSSTAYMQLNSLTSEDSAVYFCAR,3e-64,87,98,5.114830171534557e+116
